,GameID,TournamentGame,TeamPoints,TeamPointsAllowed
count,38.0,38.0,38.0,38.0
mean,19.5,3.263157894736842,21.210526315789473,16.526315789473685
std,11.113055385446435,1.638790102918148,10.552719374738981,8.937430678938162
min,1.0,1.0,0.0,0.0
25%,10.25,2.0,14.75,12.0
50%,19.5,3.0,21.5,14.0
75%,28.75,4.75,28.75,24.0
max,38.0,6.0,43.0,34.0
