,PlayerID,Duration,RPE,SessionLoad,DailyLoad,AcuteLoad,ChronicLoad,AcuteChronicRatio,ObjectiveRating,FocusRating
count,8860.0,7621.0,7621.0,7621.0,3149.0,4349.0,4383.0,4349.0,4724.0,4751.0
mean,9.01918735891648,55.6560818790185,4.166907230022307,252.70384463981105,612.550968561448,316.2667739710277,335.38531143052705,1.0510577144171072,7.918077900084674,8.123342454220165
std,4.912425739398515,26.753594186887227,2.2062216369188503,195.20097745164585,395.7909180166739,164.2264976967211,131.07981763813598,0.6848230411093347,1.4490643375787866,1.4473003050563218
min,1.0,2.0,0.0,0.0,0.0,3.1,1.43,0.01,0.0,0.0
25%,5.0,33.0,3.0,120.0,290.0,188.6,251.015,0.64,7.0,8.0
50%,9.0,60.0,4.0,216.0,580.0,299.3,334.29,0.92,8.0,8.0
75%,13.0,75.0,5.0,360.0,900.0,432.1,424.84000000000003,1.27,9.0,9.0
max,17.0,245.0,9.0,1440.0,2300.0,790.7,695.89,4.02,10.0,10.0
