,PlayerID,Fatigue,Soreness,Desire,Irritability,SleepHours,SleepQuality,MonitoringScore,USG
count,5011.0,5011.0,5011.0,5011.0,5011.0,5011.0,5011.0,5011.0,629.0
mean,8.711833965276393,3.4124925164637796,3.351626421871882,3.829574935142686,3.9694671722211137,8.661893833566154,3.805228497305927,18.36838954300539,1.022015898251191
std,4.890699312944177,1.0194102213021319,1.0180442136226484,1.01116096933701,0.7954873319414882,1.418457325102741,1.1704873009267451,3.702185601003007,0.02708954956967205
min,1.0,1.0,1.0,1.0,1.0,0.75,1.0,5.0,1.003
25%,4.0,3.0,3.0,3.0,4.0,8.0,3.0,16.0,1.014
50%,9.0,3.0,3.0,4.0,4.0,8.75,4.0,18.0,1.0170000000000001
75%,13.0,4.0,4.0,4.0,4.0,9.25,4.0,20.0,1.02
max,17.0,7.0,7.0,7.0,7.0,22.5,7.0,35.0,1.2
